CR,Water flow (%),RPM,LOAD,bp (kw),BRAKE THERMAL EFFICIENCY,SFC (kg/KWhr),Volumetric efficiency
18.1,100,758,0.4,0.079386522,2.109940797,3.967927932,41.19960398
18.1,100,760,0.5,0.099494982,2.644384904,3.165988813,41.09118397
18.1,100,759,0.7,0.139109695,3.427675198,2.442498935,41.14532255
18.1,100,758,0.9,0.178619676,4.401204631,1.902227623,41.19960398
18.1,100,756,1,0.197942648,4.877324393,1.716533974,41.30859764
18.1,100,755,1.2,0.237216983,5.385324651,1.554612501,41.36331102
18.1,100,754,1.4,0.276386587,6.274557066,1.334292275,41.41816952
18.1,100,752,1.5,0.295342999,6.704907512,1.24865153,41.52832423
18.1,100,750,1.7,0.333831848,6.469609448,1.294064671,40.83046389
18.1,100,750,1.9,0.373106183,7.230739971,1.157847337,40.83046389
18.1,100,751,2,0.393267008,7.62145364,1.098490317,40.77609576
18.1,100,751,2.2,0.432593709,8.144067603,1.02799896,40.77609576
18.1,100,751,2.4,0.471920409,8.884437386,0.94233238,40.77609576
18.1,100,749,2.5,0.490274615,9.229976145,0.907054676,40.88497719
18.1,100,748,2.7,0.528789646,9.808667307,0.853540319,40.93963625
18.1,100,748,2.9,0.56795925,10.53523526,0.79467547,40.93963625
18.1,100,747.5,3,0.587151308,10.89123412,0.768700124,40.96702062
18.1,100,747.4,3.2,0.626210944,10.9222839,0.76651487,40.9725019
18.1,100,747.3,3.4,0.665260106,11.60337394,0.721522298,40.97798463
18.1,100,746,3.5,0.683635258,11.92387078,0.702128795,41.04939399
18.1,100,744,3.7,0.720762596,12.57144063,0.665961306,40.32814617
18.1,100,742,3.9,0.757680471,13.21535705,0.633512435,40.43684737
18.1,100,743,4,0.778155491,13.57247949,0.616843299,40.38242362
18.1,100,742,4.2,0.815963584,12.42469466,0.673826863,40.43684737
18.1,100,741,4.3,0.834265424,12.70337717,0.659044671,40.49141801
18.1,100,742,4.5,0.874246697,13.31217285,0.628905072,40.43684737
18.1,100,742,4.7,0.913102106,13.14543453,0.636882182,40.43684737
18.1,100,742,4.9,0.951957515,13.70481472,0.610886991,40.43684737
18.1,100,741,5,0.970076075,13.96565777,0.599477172,40.49141801
18.1,100,741.8,5.2,1.009968326,14.53996482,0.575798712,40.44774973
18.1,100,741.7,5.4,1.048671874,15.09715876,0.554547591,40.45320311
18.1,100,740.9,5.5,1.066939676,14.47398785,0.578423383,40.49688318
18.1,100,740.8,5.7,1.10558824,13.16176476,0.636091981,40.50234982
18.1,100,740.8,5.9,1.14438081,13.62358107,0.614529541,40.50234982
18.1,100,740.5,6.2,1.202082663,13.97770538,0.598960473,40.51875861
18.1,100,740.2,6.4,1.240356811,14.42275362,0.580478128,40.53518069
18.1,100,740.3,6.5,1.259907575,14.65008809,0.57147049,40.52970518
18.1,100,740.2,6.7,1.298498537,14.73932448,0.568010633,39.24801994
18.1,100,740.2,6.9,1.337259687,15.17930431,0.551546556,39.24801994
18.1,100,740.1,7,1.356456982,15.39721381,0.543740779,39.25332301
18.1,100,739,7.2,1.393139211,15.8135957,0.529423743,39.3117515
18.1,100,738,7.4,1.429899989,16.2308692,0.515812981,39.36501945
18.1,100,737,7.5,1.447259245,14.8251916,0.56472073,39.41843196
18.1,100,736,7.7,1.483836742,14.78907052,0.566100014,39.47198962
18.1,100,735,7.9,1.520309508,15.15258646,0.552519073,39.525693
18.1,100,734,8,1.537459301,15.32351463,0.546355926,39.57954272
18.1,100,732,8.2,1.571601789,14.35848811,0.583076224,39.68768355
18.1,100,730,8.4,1.605534815,14.66850744,0.570752891,39.79641693
18.1,100,729,8.5,1.622422779,14.82279947,0.564811866,39.85100735
18.1,100,729,8.7,1.660597432,11.95335915,0.700396677,39.40573072
18.1,100,729,8.9,1.698772086,12.22814901,0.684657426,39.40573072
18.1,100,728,9,1.715502953,12.34858161,0.677980135,39.45985947
18.1,100,727,9.2,1.751216415,11.63598947,0.71949988,39.51413713
18.1,100,727,9.4,1.789286337,11.88894576,0.704191372,39.51413713
18.1,100,726,9.5,1.805833923,11.9988965,0.697738581,39.56856432
18.1,100,726,9.7,1.84385148,11.74102548,0.713063185,39.56856432
18.1,100,726,9.9,1.881869036,11.98310848,0.698657868,39.56856432
18.1,50,730,2,0.382270194,7.196670319,1.163328686,41.94910674
18.1,50,735,4,0.769776966,15.34439135,0.545612585,37.72811999
18.1,50,740,6,1.162520316,24.46056036,0.342269061,41.04983417
18.1,50,745,8,1.560500244,34.56257462,0.242230017,40.39967468
18.1,50,751,1,0.196633504,4.40955532,1.898625239,40.77609576
18.1,50,753,1.4,0.276020026,5.884147849,1.422821662,40.66779272
18.1,50,754,1.6,0.315870385,6.558770452,1.276472943,40.61385665
18.1,50,755,1.8,0.355825475,7.19137865,1.164184704,40.56006347
18.1,50,755,2,0.395361639,8.09987854,1.03360723,40.56006347
18.1,50,749,2.2,0.431441661,8.600166008,0.973480397,40.88497719
18.1,50,749,2.4,0.470663631,9.121388191,0.917852946,40.88497719
18.1,50,749,2.6,0.5098856,9.599175191,0.872167958,40.88497719
18.1,50,749,2.8,0.549107569,10.03352701,0.834411769,40.88497719
18.1,50,749,3,0.588329538,10.42444365,0.803121328,40.88497719
18.1,50,747,3.2,0.625875803,1.56988781,5.332924409,39.74558582
18.1,50,747,3.4,0.66499304,1.679052195,4.986201769,39.74558582
18.1,50,747,3.6,0.704110278,1.974705735,4.239666131,39.74558582
18.1,50,747,3.8,0.743227516,2.29017781,3.655651971,39.74558582
18.1,50,747,4,0.782344753,2.627309484,3.18656522,39.74558582
18.1,50,746,4.2,0.820362309,0.917570246,9.124198453,40.22002781
18.1,50,746,4.4,0.859427181,0.961264068,8.709462159,40.22002781
18.1,50,746,4.6,0.898492053,1.004957889,8.330789892,40.22002781
18.1,50,746,4.8,0.937556925,1.04865171,7.983673646,40.22002781
18.1,50,745,5.4,1.053337665,2.72957933,3.067173366,39.85228538
18.1,50,745,5.6,1.092350171,2.153248399,3.888122257,39.85228538
18.1,50,745,5.8,1.131362677,1.616232396,5.180005701,39.85228538
18.1,50,745,6,1.170375183,0.816540825,10.2531224,39.85228538
18.1,50,743,6.2,1.206141011,1.168741289,7.163341536,39.95955936
18.1,50,743,6.4,1.245048785,1.544246555,5.421474307,39.95955936
18.1,50,743,6.6,1.28395656,1.93730987,4.321504346,39.95955936
18.1,50,743,6.8,1.322864334,3.428020534,2.44225288,39.95955936
18.1,50,743,7,1.361772109,2.262079915,3.701059793,39.95955936
18.1,50,737,7.2,1.389368875,2.307921719,3.627546356,40.28487463
18.1,50,737,7.4,1.427962455,15.12169543,0.553647775,40.28487463
18.1,50,737,7.6,1.466556035,15.12436664,0.553549992,40.28487463
18.1,50,737,8,1.543743194,15.313488,0.546713657,40.28487463
18.1,25,742,8.2,1.593071759,31.75558324,0.263641608,40.85589325
18.1,25,746,8.4,1.640724619,33.15971683,0.25247782,40.6368268
18.1,25,750,8.6,1.688796405,34.59881893,0.241976266,40.42009705
18.1,25,754,9,1.776770915,36.89308379,0.226928523,40.20566683
18.1,25,757,1,0.198204477,4.170415358,2.007496209,40.04633129
18.1,25,756,1.2,0.237531178,4.800602436,1.743967165,40.09930263
18.1,25,755,1.4,0.276753147,5.363433087,1.560957858,40.15241429
18.1,25,754,1.6,0.315870385,6.733670997,1.243317802,40.20566683
18.1,25,746,1.8,0.351583847,7.300329047,1.146810366,40.6368268
18.1,25,752,2,0.393790666,7.958670706,1.051946152,40.3125968
18.1,25,751,2.2,0.432593709,8.503364704,0.984562384,40.36627535
18.1,25,750,2.4,0.47129202,9.003086761,0.929913622,40.42009705
18.1,25,750,2.6,0.510566355,9.470638368,0.884005143,40.42009705
18.1,25,749,2.8,0.549107569,9.881503873,0.847248873,40.47406247
18.1,25,747,3.2,0.625875803,10.91643842,0.76692532,40.16618574
18.1,25,747,3.4,0.66499304,11.59871582,0.721812066,40.16618574
18.1,25,746,3.6,0.703167694,12.06987736,0.693635302,40.22002781
18.1,25,746,3.8,0.742232566,12.53493536,0.667900774,40.22002781
18.1,25,745,4,0.780250122,13.17698157,0.635357421,40.27401443
18.1,25,744,4.2,0.818162947,0.097400351,85.95547095,40.32814617
18.1,25,743,4.4,0.85597104,13.27797823,0.630524684,40.38242362
18.1,25,742,4.6,0.893674401,13.86283962,0.603923384,40.43684737
18.1,25,741,4.8,0.931273032,13.93042134,0.600993525,40.49141801
18.1,25,740,5,0.96876693,13.68664907,0.611697793,40.54613614
18.1,25,739,5.2,1.006156097,14.21487974,0.588966856,40.60100236
18.1,25,739,5.4,1.044854408,14.47233279,0.578489532,40.60100236
18.1,25,739,5.6,1.08355272,14.70835821,0.569206495,40.60100236
18.1,25,739,5.8,1.122251031,14.30155453,0.585397413,40.60100236
18.1,25,738,6,1.159378369,14.13273245,0.592390258,40.65601727
18.1,25,337,6.2,0.547065304,5.879588895,1.423924899,89.0330586
18.1,25,336,6.6,0.580631769,6.240344756,1.341607451,89.29803794
18.1,25,336,6.8,0.598226671,6.429446112,1.302148409,89.29803794
18.1,25,735,7,1.347109691,14.47807259,0.578260191,40.8219602
18.1,25,734,7.2,1.383713371,13.82181019,0.605716104,40.01689901
18.1,25,733,7.4,1.420212319,14.18639548,0.590149417,40.07149233
18.1,25,732,7.6,1.456606536,14.54993462,0.575404168,40.1262348
18.1,25,731,7.8,1.492896022,14.9124276,0.561417178,40.18112705
18.1,25,730,8,1.529080776,15.27387442,0.548131587,40.23616969
18.1,25,729,8.2,1.565160798,15.63427508,0.53549608,39.40573072
18.1,25,728,8.4,1.601136089,14.74800601,0.567676269,39.45985947
18.1,25,727,8.6,1.637006649,15.07840842,0.555237184,39.51413713
18.1,25,726,8.8,1.672772476,15.40784615,0.543365565,39.56856432
18.1,25,725,9,1.708433573,15.7363192,0.532023589,39.62314165
18.1,25,724,9,1.706077112,14.38262682,0.582097633,39.22439348
18.1,25,723,9.2,1.741581111,14.68193379,0.570230948,39.27864576
18.1,25,722,9.6,1.814788472,15.29908886,0.547228211,39.33304831
18.1,25,721,9.8,1.850030642,15.59618855,0.536803784,39.38760178
18.1,25,719,10,1.882549791,15.87033254,0.52753104,39.49716395
17.1,100,751,0.4,0.078653402,1.894475619,4.419213918,40.77609576
17.1,100,751,0.6,0.117980102,2.74372331,3.051361991,40.77609576
17.1,100,751,0.8,0.157306803,3.484093092,2.402947568,40.77609576
17.1,100,750,1,0.196371675,4.186217878,1.999918128,40.83046389
17.1,100,749,1.2,0.235331815,4.886457959,1.713325499,40.47406247
17.1,100,749,1.4,0.274553785,5.624856051,1.488410183,40.47406247
17.1,100,749,1.6,0.313775754,6.341536552,1.320199443,40.47406247
17.1,100,749,1.8,0.352997723,7.036499461,1.189809375,40.47406247
17.1,100,748,2,0.391696034,7.591008419,1.102896027,40.52817218
17.1,100,747,2.2,0.430289614,8.219818213,1.018525326,40.58242676
17.1,100,747,2.4,0.469406852,8.707159213,0.961518311,40.58242676
17.1,100,747,2.6,0.50852409,9.151181014,0.91486476,40.58242676
17.1,100,747,2.8,0.547641327,9.551883615,0.87648608,40.58242676
17.1,100,746,3,0.585973078,10.05823113,0.832362362,40.6368268
17.1,100,745,3.2,0.624200098,10.36877239,0.807433389,40.27401443
17.1,100,745,3.4,0.663212604,9.731524916,0.860306385,40.27401443
17.1,100,745,3.6,0.70222511,10.30396756,0.812511586,40.27401443
17.1,100,745,3.8,0.741237616,10.8764102,0.769747818,40.27401443
17.1,100,744,4,0.779202806,11.43348525,0.732243304,40.32814617
17.1,100,743,4.2,0.817063265,10.5639132,0.792518157,40.38242362
17.1,100,743,4.4,0.85597104,11.06695669,0.756494604,40.38242362
17.1,100,743,4.8,0.933786589,12.07304366,0.693453387,40.38242362
17.1,100,742,5.2,1.010240628,12.86574443,0.650727447,40.01341321
17.1,100,742,5.4,1.049096037,13.36058075,0.62662643,40.01341321
17.1,100,742,5.6,1.087951445,13.85541708,0.604246915,40.01341321
17.1,100,742,5.8,1.126806854,14.3502534,0.583410814,40.01341321
17.1,100,740,6,1.162520316,14.80507601,0.565488014,40.12155757
17.1,100,749,6.2,1.215881046,13.12828372,0.637714206,39.21549249
17.1,100,749,6.4,1.255103015,13.55177674,0.617785637,39.21549249
17.1,100,749,6.6,1.294324984,13.97526976,0.59906486,39.21549249
17.1,100,749,6.8,1.333546953,14.39876279,0.581445305,39.21549249
17.1,100,738,7,1.352608097,14.60457248,0.573251496,39.80000525
17.1,100,737,7.2,1.389368875,15.00149117,0.558084055,39.85400797
17.1,100,737,7.4,1.427962455,13.83684549,0.605057925,39.85400797
17.1,100,737,7.6,1.466556035,14.21081429,0.589135348,39.85400797
17.1,100,737,7.8,1.505149615,14.58478309,0.574029314,39.85400797
17.1,100,735,8,1.539553932,14.91815826,0.561201516,39.525693
17.1,100,734,8.2,1.575895783,13.08883541,0.639636206,39.57954272
17.1,100,734,8.4,1.614332266,13.4080753,0.624406773,39.57954272
17.1,100,734,8.6,1.652768748,13.72731519,0.609885685,39.57954272
17.1,100,734,8.8,1.691205231,14.04655507,0.596024647,39.57954272
17.1,100,732,9,1.724928793,14.32665111,0.584371949,39.68768355
17.1,100,731,9,1.722572333,12.87637126,0.650190403,41.04533618
17.1,100,731,9.2,1.760851718,13.16251284,0.636055829,41.04533618
17.1,100,729,9.4,1.79420872,13.4118592,0.624230608,41.15794341
17.1,100,729,9.6,1.832383374,13.69721791,0.611225804,41.15794341
17.1,100,729,9.8,1.870558027,13.98257662,0.598751808,41.15794341
17.1,50,765,0.2,0.040059822,0.831806929,10.06494744,40.02986656
17.1,50,762,0.4,0.079805449,1.657089882,5.05228661,40.18746446
17.1,50,759,0.6,0.119236881,2.475848859,3.381504082,40.34630819
17.1,50,757,0.8,0.158563582,3.292433178,2.542828532,40.45290346
17.1,50,756,1,0.197942648,4.110104826,2.036953649,40.50641259
17.1,50,755,1.2,0.237216983,4.728577742,1.770530904,40.56006347
17.1,50,754,1.4,0.276386587,5.50936718,1.519610647,40.61385665
17.1,50,750,1.8,0.353469015,7.045893987,1.188222962,40.83046389
17.1,50,749,2,0.392219692,7.818332735,1.070828437,40.88497719
17.1,50,746,2.2,0.429713591,6.067384586,1.379852044,40.22002781
17.1,50,743,2.4,0.466893294,6.592347181,1.269971498,40.38242362
17.1,50,740,2.6,0.503758804,7.112873473,1.177033875,40.54613614
17.1,50,737,2.8,0.540310118,7.628963461,1.097408982,40.71118148
17.1,50,735,3,0.577332725,8.151707904,1.027035453,40.8219602
17.1,50,732,3.2,0.613308015,9.508651401,0.880471128,40.98926332
17.1,50,729,3.4,0.648969112,10.06153661,0.832088909,41.15794341
17.1,50,726,3.6,0.684316013,10.60955059,0.78910911,41.32801756
17.1,50,725,3.8,0.72133862,11.18354449,0.748608192,41.38502172
17.1,50,723,4,0.757209179,11.73967719,0.713145079,41.49950311
17.1,50,721,4.2,0.792870275,10.7559921,0.778365486,41.61461962
17.1,50,719,4.4,0.828321908,11.23692511,0.745051955,41.73037656
17.1,50,717,4.6,0.863564078,11.71501656,0.714646281,41.84677928
17.1,50,615,5,0.805123868,10.92222301,0.766519143,48.78722073
17.1,50,631,5.2,0.859112987,10.22753556,0.818583615,47.05222283
17.1,50,647,5.4,0.914777811,10.89021203,0.76877227,45.8886439
17.1,50,663,5.6,0.97211834,11.57283738,0.723426136,44.78122565
17.1,50,670,5.8,1.017467105,12.11270364,0.69118285,44.3133621
17.1,50,679,6,1.066690939,12.69870165,0.659287324,43.72599795
17.1,50,671,6.2,1.08926059,11.45955216,0.730577679,43.77407433
17.1,50,662,6.4,1.109316684,11.67055204,0.717369066,44.36919014
17.1,50,654,6.6,1.130158264,11.88981562,0.704139853,44.91193253
17.1,50,648,6.8,1.153722865,12.13772671,0.689757911,45.32778376
17.1,50,646,7,1.183990286,12.45615472,0.672125002,45.46811745
17.1,50,644,7.2,1.214048244,11.76403337,0.711668589,45.60932279
17.1,50,642,7.4,1.243896738,12.05326297,0.694591419,45.7514079
17.1,50,640,7.6,1.27353577,12.34046288,0.678426174,45.89438105
17.1,50,638,7.8,1.302965338,12.62563312,0.663102828,46.03825059
17.1,50,635,8,1.330090812,12.88847686,0.649579707,46.25575413
17.1,50,634,8.2,1.361196085,12.05932302,0.694242373,45.8223728
17.1,50,633,8.4,1.392196627,12.3339679,0.678783429,45.89476202
17.1,50,631,8.8,1.453883516,12.88047412,0.649983296,46.04022878
17.1,50,624,9,1.470431102,13.0270751,0.642668669,46.5567057
17.1,50,622,9,1.465718182,11.76794775,0.711431866,46.18453006
17.1,50,620,9.2,1.493472046,11.99077777,0.698211007,46.33351241
17.1,50,618,9.4,1.521016446,12.21192606,0.68556696,46.48345906
17.1,50,616,9.6,1.548351383,12.43139261,0.673463809,46.63437938
17.1,50,614,9.8,1.575476857,12.64917742,0.661868574,46.78628289
17.1,50,614,10,1.607629446,12.9073239,0.648631202,46.78628289
17.1,25,765,0.2,0.040059822,1.075803628,7.782175858,40.4281835
17.1,25,762,0.4,0.079805449,2.076885986,4.031079742,40.58734958
17.1,25,759,0.6,0.119236881,3.004029949,2.786953914,40.74777388
17.1,25,557,0.8,0.116670958,2.810180878,2.979200765,55.52524305
17.1,25,756,1,0.197942648,4.658118802,1.797312043,40.9094714
17.1,25,755,1.2,0.237216983,5.450999342,1.53588223,40.56006347
17.1,25,754,1.4,0.276386587,6.198038077,1.350765019,40.61385665
17.1,25,753,1.6,0.315451459,6.899408981,1.213450753,40.66779272
17.1,25,551,1.8,0.259681903,5.535854522,1.512339782,55.57685647
17.1,25,749,2,0.392219692,8.035508644,1.041887128,40.88497719
17.1,25,746,2.2,0.429713591,8.803656066,0.950979111,39.79886408
17.1,25,740,2.6,0.503758804,9.623299404,0.869981559,40.12155757
17.1,25,737,2.8,0.540310118,9.872776243,0.84799785,40.28487463
17.1,25,735,3,0.577332725,9.909919413,0.844819486,40.39449334
17.1,25,732,3.2,0.613308015,9.848246094,0.850110054,40.1262348
17.1,25,729,3.4,0.648969112,9.342855426,0.896095748,40.29136334
17.1,25,726,3.6,0.684316013,10.04118181,0.833775663,40.45785658
17.1,25,724,3.8,0.72034367,10.56982683,0.792074758,40.56961861
17.1,25,723,4,0.757209179,11.32040301,0.73955786,40.6257315
17.1,25,721,4.2,0.792870275,11.41452223,0.733459785,40.29318219
17.1,25,719,4.4,0.828321908,11.69557511,0.715834231,40.40526336
17.1,25,717,4.6,0.863564078,11.71501656,0.714646281,40.51796982
17.1,25,716,4.8,0.899853564,11.709058,0.715009954,40.57455916
17.1,25,715,5,0.936038318,11.92075377,0.702312386,40.63130679
17.1,25,731,5.2,0.995264015,12.88167018,0.649922945,38.39439633
17.1,25,747,5.4,1.056165417,13.37751047,0.625833412,37.57202639
17.1,25,762,5.6,1.117276282,14.15154759,0.591602648,36.83241957
17.1,25,778,5.8,1.181476728,14.63762004,0.571957258,36.07494051
17.1,25,671,6.2,1.08926059,12.66582081,0.660998853,41.82757633
17.1,25,663,6.4,1.110992388,12.61093243,0.663875813,42.33228313
17.1,25,655,6.6,1.131886335,12.53473239,0.667911589,42.84931865
17.1,25,647,6.8,1.151942428,12.43791659,0.673110562,43.37914021
17.1,25,646,7,1.183990286,12.45615472,0.672125002,41.86589317
17.1,25,644,7.2,1.214048244,12.10014861,0.691900017,42.5309128
17.1,25,642,7.4,1.243896738,12.05326297,0.694591419,42.66340786
17.1,25,640,7.6,1.27353577,11.98787823,0.698379885,42.796731
17.1,25,638,7.8,1.302965338,11.543436,0.725268718,42.93089004
17.1,25,635,8,1.330090812,11.04726588,0.757842992,41.48467691
17.1,25,633,8.2,1.359049088,8.277707626,1.011402359,42.72569824
17.1,25,631,8.4,1.387797902,9.221248515,0.907913176,42.86112042
17.1,25,629,8.6,1.416337252,10.19511864,0.821186424,42.99740379
17.1,25,627,8.8,1.444667139,11.19897007,0.747577052,43.13455659
17.1,25,624,9,1.470431102,8.956114134,0.934790792,42.21597731
17.1,25,622,9.2,1.498289697,9.955413271,0.840958863,43.4812974
17.1,25,620,9.4,1.525938829,10.9840558,0.76220416,43.62155965
17.1,25,616,9.8,1.580608704,12.25278065,0.683281066,43.90481653
17.1,25,614,10,1.607629446,12.9073239,0.648631202,42.90353394
16.1,100,612,0.2,0.032047857,0.550101649,15.21917456,51.02826768
16.1,100,610,0.4,0.063886252,1.096607862,7.634536747,51.19557347
16.1,100,608,0.6,0.095515183,1.771737885,4.725356438,51.36397996
16.1,100,607,0.8,0.127144114,2.182429418,3.836134609,51.44859937
16.1,100,603,1.2,0.189459392,3.514335345,2.382269249,51.78988361
16.1,100,600,1.4,0.219936276,4.079659605,2.052154796,52.04883303
16.1,100,697,1.6,0.291991589,5.416233799,1.5457407,44.8053082
16.1,100,695,1.8,0.327547954,6.075778768,1.377945666,44.93424434
16.1,100,594,2,0.311052733,5.769804298,1.451018543,52.57457882
16.1,100,592,2.2,0.341005959,6.419824263,1.304100032,52.75219564
16.1,100,590,2.4,0.370749722,6.979784364,1.199477317,52.93101664
16.1,100,588,2.6,0.400284022,7.535801085,1.110975851,53.11105411
16.1,100,586,2.8,0.429608859,8.087874424,1.035141322,53.29232051
16.1,100,584,3,0.458724233,8.636004383,0.969440571,53.47482846
16.1,100,582,3.2,0.487630143,9.315193769,0.898756723,53.65859075
16.1,100,578,3.6,0.544813575,10.4075683,0.804423549,54.02993048
16.1,100,576,3.8,0.573091096,10.9477535,0.764731597,54.21753441
16.1,100,575,4,0.60220647,11.50394419,0.727758487,54.31182577
16.1,100,573,4.2,0.630117431,12.38602923,0.675930346,54.50139584
16.1,100,571,4.4,0.657818928,12.93054926,0.647466156,54.6922939
16.1,100,569,4.6,0.685310963,13.47095193,0.621492309,54.88453395
16.1,100,667,4.8,0.838271406,16.47764946,0.508087822,46.82053946
16.1,100,566,5,0.740975787,14.77028147,0.566820141,55.17544138
16.1,100,564,5.2,0.767891798,15.51940788,0.539459565,55.37109897
16.1,100,562,5.4,0.794598346,16.05915815,0.521328263,55.56814914
16.1,100,560,5.6,0.82109543,16.59467509,0.504504787,55.76660682
16.1,100,558,5.8,0.847383052,17.12595869,0.488853977,55.96648713
16.1,100,555,6.2,0.900953245,18.70750093,0.447525998,56.26900868
16.1,100,553,6.4,0.926664843,19.24137963,0.43510877,56.47251323
16.1,100,501,6.6,0.865763441,17.97681563,0.465716131,62.33393177
16.1,100,549,6.8,0.977459649,20.29608907,0.412497846,56.88397053
16.1,100,548,7,1.00437566,20.85497634,0.40144342,58.07335233
16.1,100,546,7.2,1.029301772,21.65751236,0.386567621,58.28607524
16.1,100,544,7.4,1.05401842,22.17757473,0.377502641,58.50036228
16.1,100,542,7.6,1.078525605,22.69322978,0.368924702,58.71623077
16.1,100,540,7.8,1.102823327,23.20447753,0.360796446,58.93369829
16.1,100,538,8,1.126911586,24.023309,0.348498744,59.15278267
16.1,100,536,8.2,1.150790381,24.53235309,0.341267427,59.37350201
16.1,100,534,8.4,1.174459714,25.03693188,0.334389735,59.59587468
16.1,100,532,8.8,1.225778178,26.13093016,0.320390165,59.81991932
16.1,100,528,9,1.244210933,26.8683424,0.311596931,57.99781802
16.1,100,526,9.2,1.267042413,28.06295488,0.298332555,58.21834205
16.1,100,524,9.4,1.28966443,28.56399623,0.2930995,58.44054946
16.1,100,522,9.6,1.312076984,29.06039831,0.288092852,58.66445961
16.1,100,520,9.8,1.334280074,29.55216112,0.283298842,58.89009215
16.1,100,518,10,1.356273702,30.41477571,0.275264007,59.11746702
16.1,50,768,0.2,0.040216919,0.835068917,10.02563124,40.27026091
16.1,50,768,0.4,0.080433838,1.514258303,5.528840759,40.27026091
16.1,50,767,0.6,0.12049366,2.034915074,4.114222324,40.32276451
16.1,50,766,1,0.200560937,2.165525072,3.866079933,40.37540519
16.1,50,764,1.2,0.240044736,2.326014879,3.599329092,40.48109997
16.1,50,764,1.4,0.280052191,2.326014879,3.599329092,40.48109997
16.1,50,762,1.6,0.319221795,3.269990701,2.560280377,40.58734958
16.1,50,762,1.8,0.359124519,2.38620943,3.508532368,40.58734958
16.1,50,760,2,0.397979928,2.203654086,3.799186576,40.69415839
16.1,50,758,2.2,0.436625874,3.626460745,2.308612615,40.39953551
16.1,50,758,2.4,0.476319135,5.011109392,1.670706498,40.39953551
16.1,50,756,2.6,0.514650886,6.411763528,1.305739519,40.50641259
16.1,50,756,2.8,0.554239416,7.672195674,1.091225169,40.50641259
16.1,50,754,3,0.592256972,9.838155678,0.850981962,40.61385665
16.1,50,752,3.2,0.630065065,9.76845062,0.857054343,40.72187223
16.1,50,752,3.4,0.669444132,9.637623156,0.868688564,40.72187223
16.1,50,751,3.6,0.707880614,9.407051349,0.889980581,40.77609576
16.1,50,751,3.8,0.747207315,9.515929259,0.879797737,40.77609576
16.1,50,750,4,0.7854867,9.568498007,0.874964181,40.83046389
16.1,50,748,4.2,0.822561672,9.79240086,0.85495816,40.52817218
16.1,50,748,4.4,0.861731276,10.25870566,0.816096426,40.52817218
16.1,50,748,4.6,0.900900879,10.47559162,0.799200019,40.52817218
16.1,50,746,4.8,0.937556925,10.90182471,0.76795337,40.6368268
16.1,50,746,5,0.976621797,10.81530229,0.774096997,40.6368268
16.1,50,744,5.4,1.051923789,11.35798111,0.737111019,40.32814617
16.1,50,744,5.6,1.090883929,11.47663048,0.72949051,40.32814617
16.1,50,744,5.8,1.129844069,11.88651014,0.704335665,40.32814617
16.1,50,744,6,1.16880421,11.9728006,0.699259372,39.90585028
16.1,50,743,6.2,1.206141011,12.02133898,0.696435983,38.66322705
16.1,50,743,6.4,1.245048785,12.06442621,0.693948711,38.66322705
16.1,50,742,6.6,1.282228489,12.06970339,0.6936453,38.71533382
16.1,50,742,6.8,1.321083898,12.43545197,0.673243967,38.71533382
16.1,50,740,7,1.356273702,12.39120492,0.675648016,38.37629849
16.1,50,739,7.2,1.393139211,12.34231859,0.678324171,38.42822853
16.1,50,738,7.4,1.429899989,12.66799547,0.660885382,38.4802993
16.1,50,737,7.6,1.466556035,12.99274449,0.644366787,38.53251137
16.1,50,736,7.8,1.503107349,13.31656566,0.628697611,38.58486533
16.1,50,735,8,1.539553932,13.21322588,0.633614614,38.18544723
16.1,50,734,8.2,1.575895783,13.08883541,0.639636206,38.237471
16.1,50,734,8.4,1.614332266,13.4080753,0.624406773,38.237471
16.1,50,733,8.6,1.65051702,13.70861312,0.610717725,38.28963672
16.1,50,733,8.8,1.688901137,14.02741808,0.596837777,38.28963672
16.1,50,732,9,1.724928793,14.32665111,0.584371949,38.34194497
16.1,50,730,9.2,1.758442892,14.11817383,0.593001129,38.44699139
16.1,50,726,9.6,1.824842701,14.14606745,0.591831832,38.65882054
16.1,50,724,9.8,1.857728411,14.40099544,0.581355161,38.76561287
16.1,50,720,10,1.88516808,14.09178797,0.594111481,38.51412249
16.1,25,766,0.2,0.040112187,0.988367853,8.470624572,40.37540519
16.1,25,764,0.4,0.080014912,1.838659381,4.553368129,40.48109997
16.1,25,762,0.6,0.119708173,2.551918418,3.280705591,40.58734958
16.1,25,761,0.8,0.159401434,3.133306156,2.671967757,40.64068381
16.1,25,760,1,0.198989964,3.636029243,2.302537319,40.69415839
16.1,25,758,1.2,0.238159567,3.824267694,2.189201618,40.39953551
16.1,25,756,1.4,0.277119708,3.836097837,2.182450338,40.50641259
16.1,25,754,1.6,0.315870385,3.672911453,2.27941597,40.61385665
16.1,25,752,1.8,0.354411599,3.336100323,2.509544742,40.72187223
16.1,25,752,2,0.393790666,4.033846796,2.075461327,40.72187223
16.1,25,751,2.2,0.432593709,5.149925102,1.625672773,40.36627535
16.1,25,751,2.4,0.471920409,6.402021057,1.307726568,40.36627535
16.1,25,751,2.6,0.51124711,7.784770503,1.075445065,40.36627535
16.1,25,751,3,0.589900512,9.799011822,0.854381358,39.95225133
16.1,25,749,3.2,0.627551508,10.25070292,0.816733554,39.63945608
16.1,25,747,3.4,0.66499304,10.30996962,0.812038574,39.74558582
16.1,25,746,3.6,0.703167694,10.31779839,0.811422428,39.79886408
16.1,25,746,3.8,0.742232566,10.68551866,0.783498985,39.79886408
16.1,25,745,4,0.780250122,11.12482871,0.752559275,39.42604547
16.1,25,744,4.2,0.818162947,11.09910974,0.754303112,39.47903747
16.1,25,746,4.4,0.859427181,11.18302257,0.74864313,39.37319554
16.1,25,742,4.6,0.893674401,11.13381729,0.751951716,39.58544997
16.1,25,741,4.8,0.931273032,10.82875618,0.773135241,39.63887163
16.1,25,740,5,0.96876693,11.13062779,0.752167189,39.69243767
16.1,25,741,5.4,1.04768216,12.1823507,0.687231326,39.63887163
16.1,25,741,5.6,1.086485203,12.63354888,0.66268735,39.63887163
16.1,25,741,5.8,1.125288246,13.08474705,0.639836062,39.63887163
16.1,25,742,6,1.165662263,13.55421236,0.617674624,39.58544997
16.1,25,738,6.2,1.198024315,13.93051529,0.600989472,38.92517303
16.1,25,733,6.4,1.228291736,10.88187584,0.769361197,39.19069263
16.1,25,730,6.6,1.26149164,11.17600567,0.749113169,39.35175027
16.1,25,722,9,1.701364192,15.07299395,0.555436634,39.33304831
